timestamp,theme,reel1,reel2,reel3,result,pumpkin_count,payout
2026-09-15 14:50:57,halloween,Mummy,Ghost,Ghost,double,0,4
2026-09-15 14:51:02,halloween,Cat,Sickle,Mummy,spin,0,2
2026-09-15 14:51:09,halloween,Hat,Spiderweb,Cat,spin,0,2
2026-09-15 14:51:14,halloween,Broom,Pumpkin,Vampire,spin,1,4
2026-09-15 14:58:21,halloween,Hat,Sickle,Sickle,double,0,4
2026-09-15 14:58:26,halloween,Ghost,Pumpkin,Sickle,spin,1,4
2026-09-15 14:58:54,halloween,Vampire,Vampire,Vampire,3 of a kind,0,12
2026-09-15 14:59:05,halloween,Vampire,Bat,Sickle,spin,0,2
2026-09-15 14:59:16,halloween,Pumpkin,Vampire,Mummy,spin,1,4
2026-09-15 14:59:42,halloween,Hat,Spiderweb,Mummy,spin,0,2
2026-09-15 15:07:34,halloween,Mummy,Bat,Pumpkin,spin,1,4
2026-09-15 15:08:13,halloween,Coffin,Hat,Sickle,spin,0,2
2026-09-15 15:08:45,halloween,Cat,Bat,Ghost,spin,0,2
2026-09-15 15:12:28,halloween,Cat,Cat,Cat,3 of a kind,0,12
2026-09-15 15:12:37,halloween,Broom,Coffin,Sickle,spin,0,2
2026-09-15 15:12:51,halloween,Spiderweb,Bat,Sickle,spin,0,2
2026-09-15 15:12:59,halloween,Pumpkin,Skeleton,Skeleton,double,1,8
2026-09-15 15:13:07,halloween,Broom,Ghost,Skeleton,spin,0,2
2026-09-15 15:13:12,halloween,Sickle,Skeleton,Bat,spin,0,2
2026-09-15 15:20:50,halloween,Vampire,Sickle,Spiderweb,spin,0,2
2026-09-15 15:22:06,halloween,Spiderweb,Mummy,Vampire,spin,0,2
2026-09-15 15:23:44,halloween,Sickle,Skeleton,Ghost,spin,0,2
2026-09-15 15:23:49,halloween,Cat,Spiderweb,Skeleton,spin,0,2
2026-09-15 15:26:18,halloween,Cat,Spiderweb,Pumpkin,spin,1,4
2026-09-15 15:28:45,halloween,Vampire,Mummy,Vampire,double,0,4
2026-09-15 15:28:52,halloween,Broom,Sickle,Mummy,spin,0,2
2026-09-15 15:41:30,halloween,Hat,Hat,Hat,3 of a kind,0,12
2026-09-15 15:41:35,halloween,Cat,Cat,Cat,3 of a kind,0,12
2026-09-15 15:41:40,halloween,Ghost,Ghost,Skeleton,double,0,4
2026-09-15 15:41:47,halloween,Skeleton,Ghost,Skeleton,double,0,4
2026-09-15 15:56:53,halloween,Spiderweb,Spiderweb,Spiderweb,3 of a kind,0,12
2026-09-15 16:01:20,halloween,Broom,Broom,Broom,3 of a kind,0,12
2026-09-15 16:01:28,halloween,Sickle,Bat,Bat,double,0,4
2026-09-15 16:02:29,halloween,Mummy,Hat,Broom,spin,0,2
2026-09-15 16:02:37,halloween,Ghost,Bat,Ghost,double,0,4
2026-09-15 16:04:10,halloween,Bat,Bat,Bat,3 of a kind,0,12
2026-09-15 16:05:48,halloween,Skeleton,Hat,Coffin,spin,0,2
2026-09-15 16:05:55,halloween,Pumpkin,Pumpkin,Hat,double,2,12
2026-09-15 16:13:20,halloween,Pumpkin,Pumpkin,Pumpkin,jackpot,3,20
2026-09-15 16:13:29,halloween,Broom,Broom,Broom,3 of a kind,0,12
2026-09-15 16:13:37,halloween,Spiderweb,Pumpkin,Bat,spin,1,4
2026-09-15 16:13:44,halloween,Coffin,Cat,Hat,spin,0,2
2026-09-15 16:13:50,halloween,Broom,Spiderweb,Spiderweb,double,0,4
2026-09-15 16:13:58,halloween,Skeleton,Sickle,Skeleton,double,0,4
2026-09-15 16:14:04,halloween,Pumpkin,Skeleton,Mummy,spin,1,4
2026-09-15 16:14:12,halloween,Hat,Hat,Hat,3 of a kind,0,12
2026-09-15 16:14:20,halloween,Pumpkin,Pumpkin,Spiderweb,double,2,12
2026-09-15 16:14:27,halloween,Skeleton,Ghost,Vampire,spin,0,2
2026-09-15 16:14:33,halloween,Cat,Sickle,Sickle,double,0,4
2026-09-15 16:14:40,halloween,Sickle,Sickle,Sickle,3 of a kind,0,12
2026-09-15 16:14:47,halloween,Broom,Hat,Broom,double,0,4
2026-09-15 16:14:55,halloween,Mummy,Vampire,Mummy,double,0,4
2026-09-15 16:15:04,halloween,Ghost,Ghost,Cat,double,0,4
2026-09-15 16:15:12,halloween,Bat,Pumpkin,Pumpkin,double,2,12
2026-09-15 17:30:57,halloween,Hat,Hat,Hat,3 of a kind,0,12
2026-09-15 18:00:29,halloween,Spiderweb,Cat,Spiderweb,double,0,4
2026-09-15 18:00:38,halloween,Cat,Broom,Bat,spin,0,2
2026-09-15 18:00:51,halloween,Mummy,Mummy,Mummy,3 of a kind,0,12
2026-09-15 18:12:26,halloween,Vampire,Broom,Skeleton,spin,0,2
2026-09-15 18:12:32,halloween,Mummy,Mummy,Mummy,3 of a kind,0,12
2026-09-15 18:12:39,halloween,Mummy,Mummy,Mummy,3 of a kind,0,12
2026-09-15 18:12:45,halloween,Bat,Ghost,Bat,double,0,4
2026-09-15 18:12:56,halloween,Vampire,Vampire,Vampire,3 of a kind,0,12
2026-09-15 18:13:09,halloween,Hat,Ghost,Broom,spin,0,2
2026-09-15 18:13:15,halloween,Mummy,Sickle,Ghost,spin,0,2
2026-09-15 18:13:20,halloween,Pumpkin,Pumpkin,Pumpkin,jackpot,3,20
2026-09-15 18:13:29,halloween,Broom,Skeleton,Sickle,spin,0,2
2026-09-15 18:13:34,halloween,Cat,Cat,Hat,double,0,4
2026-09-15 18:13:52,halloween,Skeleton,Pumpkin,Skeleton,double,1,8
2026-09-15 18:15:15,halloween,Mummy,Cat,Mummy,double,0,4
2026-09-15 18:15:25,halloween,Bat,Bat,Coffin,double,0,4
2026-09-15 18:15:42,halloween,Bat,Bat,Bat,3 of a kind,0,12
2026-09-15 18:15:49,halloween,Coffin,Coffin,Skeleton,double,0,4
2026-09-15 18:15:56,halloween,Ghost,Vampire,Mummy,spin,0,2
2026-09-15 18:16:03,halloween,Skeleton,Skeleton,Skeleton,3 of a kind,0,12
2026-09-15 18:16:13,halloween,Broom,Ghost,Sickle,spin,0,2
2026-09-15 18:16:24,halloween,Broom,Cat,Vampire,spin,0,2
2026-09-15 18:22:08,halloween,Skeleton,Skeleton,Sickle,double,0,4
2026-09-15 18:57:38,halloween,Broom,Mummy,Hat,spin,0,2
2026-09-15 18:58:35,halloween,Bat,Bat,Bat,3 of a kind,0,12
2026-09-15 18:58:44,halloween,Vampire,Vampire,Cat,double,0,4
2026-09-15 19:05:43,halloween,Coffin,Broom,Coffin,double,0,4
2026-09-15 19:06:18,halloween,Hat,Coffin,Sickle,spin,0,2
2026-09-15 19:06:33,halloween,Hat,Hat,Hat,3 of a kind,0,12
2026-09-15 19:13:36,halloween,Spiderweb,Coffin,Coffin,double,0,4
2026-09-15 19:13:46,halloween,Mummy,Mummy,Mummy,3 of a kind,0,12
2026-09-15 19:13:56,halloween,Ghost,Vampire,Broom,spin,0,2
2026-09-15 19:14:11,halloween,Mummy,Broom,Coffin,spin,0,2
2026-09-15 19:14:21,halloween,Bat,Pumpkin,Mummy,spin,1,4
2026-09-15 19:19:51,halloween,Spiderweb,Spiderweb,Ghost,double,0,4
2026-09-15 19:20:00,halloween,Bat,Bat,Spiderweb,double,0,4
2026-09-15 19:20:06,halloween,Vampire,Coffin,Pumpkin,spin,1,4
2026-09-15 19:20:24,halloween,Mummy,Mummy,Mummy,3 of a kind,0,12
2026-09-15 19:20:29,halloween,Ghost,Ghost,Ghost,3 of a kind,0,12
2026-09-15 19:20:35,halloween,Coffin,Bat,Cat,spin,0,2
2026-09-15 19:20:40,halloween,Ghost,Coffin,Skeleton,spin,0,2
2026-09-15 19:20:45,halloween,Mummy,Cat,Hat,spin,0,2
2026-09-15 19:20:51,halloween,Ghost,Ghost,Ghost,3 of a kind,0,12
2026-09-15 19:20:59,halloween,Cat,Cat,Cat,3 of a kind,0,12
2026-09-15 19:21:06,halloween,Coffin,Coffin,Coffin,3 of a kind,0,12
2026-09-15 19:21:15,halloween,Broom,Broom,Sickle,double,0,4
2026-09-15 19:21:21,halloween,Coffin,Vampire,Pumpkin,spin,1,4
2026-09-15 19:25:33,halloween,Hat,Skeleton,Cat,spin,0,2
2026-09-15 19:25:38,halloween,Vampire,Pumpkin,Sickle,spin,1,4
2026-09-15 19:27:03,halloween,Hat,Bat,Cat,spin,0,2
2026-09-15 19:27:09,halloween,Spiderweb,Vampire,Mummy,spin,0,2
2026-09-15 19:27:14,halloween,Broom,Ghost,Coffin,spin,0,2
2026-09-15 19:27:19,halloween,Broom,Vampire,Cat,spin,0,2
2026-09-15 19:27:24,halloween,Bat,Hat,Vampire,spin,0,2
2026-09-15 19:27:28,halloween,Bat,Sickle,Spiderweb,spin,0,2
2026-09-15 19:27:33,halloween,Skeleton,Skeleton,Skeleton,3 of a kind,0,12
2026-09-15 19:27:43,halloween,Coffin,Cat,Bat,spin,0,2
2026-09-15 19:27:50,halloween,Hat,Sickle,Ghost,spin,0,2
2026-09-15 19:27:57,halloween,Skeleton,Skeleton,Skeleton,3 of a kind,0,12
2026-09-15 19:28:02,halloween,Ghost,Cat,Vampire,spin,0,2
2026-09-15 19:28:06,halloween,Pumpkin,Vampire,Vampire,double,1,8
2026-09-15 19:30:25,halloween,Hat,Skeleton,Spiderweb,spin,0,2
2026-09-15 19:30:30,halloween,Mummy,Mummy,Mummy,3 of a kind,0,12
2026-09-15 19:30:34,halloween,Spiderweb,Coffin,Skeleton,spin,0,2
2026-09-15 19:30:39,halloween,Spiderweb,Sickle,Spiderweb,double,0,4
2026-09-15 19:30:43,halloween,Bat,Sickle,Hat,spin,0,2
2026-09-15 19:30:48,halloween,Skeleton,Sickle,Skeleton,double,0,4
2026-09-15 19:30:53,halloween,Mummy,Mummy,Mummy,3 of a kind,0,12
2026-09-15 19:30:58,halloween,Ghost,Coffin,Broom,spin,0,2
2026-09-15 19:31:02,halloween,Skeleton,Hat,Skeleton,double,0,4
2026-09-15 19:31:08,halloween,Ghost,Ghost,Ghost,3 of a kind,0,12
2026-09-15 19:31:13,halloween,Sickle,Spiderweb,Sickle,double,0,4
2026-09-15 19:31:18,halloween,Pumpkin,Mummy,Coffin,spin,1,4
2026-09-15 19:31:45,halloween,Mummy,Ghost,Ghost,double,0,4
2026-09-15 19:32:48,halloween,Skeleton,Sickle,Cat,spin,0,2
2026-09-15 19:33:16,halloween,Vampire,Vampire,Spiderweb,double,0,4
2026-09-15 19:33:30,halloween,Skeleton,Coffin,Sickle,spin,0,2
2026-09-15 19:33:36,halloween,Sickle,Sickle,Sickle,3 of a kind,0,12
2026-09-15 19:33:44,halloween,Skeleton,Skeleton,Skeleton,3 of a kind,0,12
2026-09-15 19:33:49,halloween,Broom,Ghost,Bat,spin,0,2
2026-09-15 19:33:54,halloween,Pumpkin,Mummy,Broom,spin,1,4
2026-09-15 19:38:22,halloween,Ghost,Ghost,Ghost,3 of a kind,0,12
2026-09-15 19:38:33,halloween,Bat,Hat,Spiderweb,spin,0,2
2026-09-15 19:39:04,halloween,Vampire,Vampire,Sickle,double,0,4
2026-09-15 19:39:15,halloween,Coffin,Coffin,Coffin,3 of a kind,0,12
2026-09-15 19:46:27,halloween,Mummy,Pumpkin,Broom,spin,1,4
2026-09-15 19:46:37,halloween,Ghost,Skeleton,Sickle,spin,0,2
2026-09-15 19:46:45,halloween,Hat,Coffin,Hat,double,0,4
2026-09-15 19:47:00,halloween,Mummy,Bat,Bat,double,0,4
2026-09-15 19:47:10,halloween,Sickle,Bat,Broom,spin,0,2
2026-09-15 19:47:29,halloween,Cat,Broom,Vampire,spin,0,2
2026-09-15 19:52:37,halloween,Pumpkin,Pumpkin,Pumpkin,jackpot,3,20
2026-09-15 19:55:20,halloween,Pumpkin,Pumpkin,Pumpkin,jackpot,3,20
2026-09-15 20:01:15,halloween,Pumpkin,Pumpkin,Pumpkin,jackpot,3,20
2026-09-15 20:02:56,halloween,Vampire,Vampire,Vampire,3 of a kind,0,12
2026-09-15 20:03:02,halloween,Pumpkin,Pumpkin,Pumpkin,jackpot,3,20
2026-09-15 20:04:15,halloween,Skeleton,Skeleton,Skeleton,3 of a kind,0,12
2026-09-15 20:04:21,halloween,Pumpkin,Pumpkin,Pumpkin,jackpot,3,20
2026-09-15 20:04:50,halloween,Pumpkin,Pumpkin,Pumpkin,jackpot,3,20
2026-09-15 20:05:34,halloween,Bat,Bat,Bat,3 of a kind,0,12
2026-09-15 20:05:40,halloween,Pumpkin,Pumpkin,Pumpkin,jackpot,3,20
2026-09-15 20:07:04,halloween,Pumpkin,Pumpkin,Pumpkin,jackpot,3,20
